{
  "n_pairs": 9,
  "sharpe": 4.004207683174592,
  "cagr_pct": 14.463327739552657,
  "mdd_pct": -1.7076867351118463,
  "ann_vol_pct": 3.3887707253575297
}