{
  "AUDJPY": {
    "real_sharpe": 1.75,
    "null_sharpes": [
      -0.6950757534551997,
      -0.7743789024328079,
      0.0008939169980989521,
      0.050249493515596495,
      -0.12512610723049825,
      -0.08058022406600443,
      0.1695913808809158,
      0.057045548555932524,
      -0.4041965662414459,
      -0.06752684694308067
    ],
    "null_mean": -0.18691040604184933,
    "null_std": 0.32626909223199596,
    "edge": 1.9369104060418494,
    "p_one_sided": 0.09090909090909091,
    "n_seeds_ok": 10
  },
  "AUDUSD": {
    "real_sharpe": 2.47,
    "null_sharpes": [
      -0.45025885651037495,
      -0.5138131365354409,
      -0.7581055899148288,
      -0.11006909542600468,
      0.36171507578722684,
      -0.1112619936217997,
      -0.665164119726091,
      -0.023257581984835886,
      -0.291991111587677,
      -0.11391018451466425
    ],
    "null_mean": -0.267611659403449,
    "null_std": 0.3369556274502207,
    "edge": 2.7376116594034494,
    "p_one_sided": 0.09090909090909091,
    "n_seeds_ok": 10
  },
  "GBPJPY": {
    "real_sharpe": 1.83,
    "null_sharpes": [
      0.10714701131864181,
      -0.800761543708487,
      0.13844373754649078,
      0.02712412696140501,
      0.0455919755172863,
      0.4083216042597493,
      -0.3967878783824741,
      -0.3766210851712705,
      -0.7623902330330663,
      -0.2589971675295301
    ],
    "null_mean": -0.1868929452221255,
    "null_std": 0.39996108311856476,
    "edge": 2.0168929452221254,
    "p_one_sided": 0.09090909090909091,
    "n_seeds_ok": 10
  },
  "GBPUSD": {
    "real_sharpe": 1.79,
    "null_sharpes": [
      -0.2513342801261806,
      -0.4901941395372875,
      0.37577710235113915,
      0.2172099644855728,
      0.07077437680057586,
      0.1722342584503275,
      -0.3245795666713862,
      -0.3004442341317796,
      -0.08175084461979802,
      -0.42912820282188524
    ],
    "null_mean": -0.1041435565820702,
    "null_std": 0.2989826287267303,
    "edge": 1.8941435565820703,
    "p_one_sided": 0.09090909090909091,
    "n_seeds_ok": 10
  },
  "EURGBP": {
    "real_sharpe": 0.1,
    "null_sharpes": [
      -0.3954085995671649,
      -0.7280970281388107,
      0.08636207848577908,
      -0.23663605515820116,
      -0.08506486501974801,
      0.10003699239376529,
      -0.5117550559307036,
      -0.5493661644659757,
      -0.16229422361894907,
      -0.30702943729579685
    ],
    "null_mean": -0.2789252358315806,
    "null_std": 0.27355311159817447,
    "edge": 0.37892523583158055,
    "p_one_sided": 0.18181818181818182,
    "n_seeds_ok": 10
  },
  "EURUSD": {
    "real_sharpe": 2.6,
    "null_sharpes": [
      -0.3795737359388982,
      -0.30976685531249365,
      -0.2533321506413107,
      -0.6157107012560189,
      0.1743307179777096,
      -0.07781636584838797,
      -0.5671639996194207,
      0.3120782327668821,
      -0.42521365085420687,
      -0.08384034878872766
    ],
    "null_mean": -0.22260088575148732,
    "null_std": 0.3038909331568589,
    "edge": 2.8226008857514873,
    "p_one_sided": 0.09090909090909091,
    "n_seeds_ok": 10
  },
  "NZDUSD": {
    "real_sharpe": 2.16,
    "null_sharpes": [
      -0.49589621097886155,
      -0.19421256912464488,
      -0.792536738174837,
      0.25591616164834957,
      -0.11152181268788562,
      0.05446005003694059,
      -0.014489562410536406,
      -0.45423783836227455,
      -0.532986509706801,
      -0.2931250154097834
    ],
    "null_mean": -0.2578630045170335,
    "null_std": 0.3169731347529186,
    "edge": 2.4178630045170335,
    "p_one_sided": 0.09090909090909091,
    "n_seeds_ok": 10
  },
  "USDCAD": {
    "real_sharpe": 1.09,
    "null_sharpes": [
      -0.033053631194027475,
      -1.0422511245445223,
      -0.21446857018475382,
      0.47056179954984945,
      0.2656753748692763,
      0.5249089229407724,
      -0.529622049677358,
      -0.1435410834052714,
      -0.31735130182930166,
      -0.29614967417982674
    ],
    "null_mean": -0.1315291337655163,
    "null_std": 0.47345524395600874,
    "edge": 1.2215291337655163,
    "p_one_sided": 0.09090909090909091,
    "n_seeds_ok": 10
  },
  "USDCHF": {
    "real_sharpe": 3.31,
    "null_sharpes": [
      -0.08092682498131028,
      -0.761518148636589,
      -0.30711768713768006,
      0.09127991442145074,
      -0.05730154130654736,
      0.4269046759039217,
      -0.6063185146008325,
      -0.2806354734616847,
      -0.20856429616587616,
      -0.03540087313921942
    ],
    "null_mean": -0.18195987691043672,
    "null_std": 0.339064093694061,
    "edge": 3.4919598769104367,
    "p_one_sided": 0.09090909090909091,
    "n_seeds_ok": 10
  },
  "USDJPY": {
    "real_sharpe": 2.32,
    "null_sharpes": [
      -0.6624888976785702,
      -0.0826606255390099,
      -0.440644078767007,
      0.3238806237603737,
      0.10767971933685312,
      0.5721897751918562,
      -0.2001674433793892,
      0.03911100875059274,
      0.014637466079520694,
      -0.5874829023060917
    ],
    "null_mean": -0.09159453545508714,
    "null_std": 0.3925469179331995,
    "edge": 2.411594535455087,
    "p_one_sided": 0.09090909090909091,
    "n_seeds_ok": 10
  }
}