{
  "test": "position_permutation",
  "B": 10000,
  "seed": 42,
  "N_observations": 2102,
  "n_pairs": 10,
  "pairs": [
    "AUDJPY",
    "AUDUSD",
    "GBPJPY",
    "GBPUSD",
    "EURGBP",
    "EURUSD",
    "NZDUSD",
    "USDCAD",
    "USDCHF",
    "USDJPY"
  ],
  "observed_sharpe": 4.486198711872476,
  "observed_sharpe_reconstructed": 4.487266219017132,
  "null_mean": -1.167893608925395,
  "null_std": 0.3394571591046373,
  "null_min": -2.4976021570042746,
  "null_max": 0.0715611865264012,
  "null_q01": -1.9604674878598218,
  "null_q05": -1.7231089157984085,
  "null_q50": -1.1709808815351965,
  "null_q95": -0.60404706730541,
  "null_q99": -0.3851345474555218,
  "null_q999": -0.12392665385518292,
  "p_one_sided_right": 0.0,
  "p_two_sided": 0.0,
  "verdict_pass_criterion": "p_one_sided_right < 0.05",
  "verdict_pass": true,
  "wall_seconds": 15.75
}