{
  "N": 2102,
  "mean_daily": 0.000586974138364601,
  "std_ddof1": 0.002077020251505029,
  "std_ddof0": 0.0020765261346307826,
  "sharpe_pipeline_ddof1": 4.486198711872476,
  "sharpe_ddof0": 4.487266219017121,
  "sharpe_delta_ddof": -0.0010675071446444306,
  "reported_claim": 4.487,
  "match_within_0p01": true,
  "acf": {
    "lag1": -0.01173929679911352,
    "lag2": -0.015318925232722996,
    "lag3": 0.0036904802411542635,
    "lag4": -0.0006462839886110683,
    "lag5": -0.00375695741838179
  },
  "rho1": -0.01173929679911352,
  "ann_variance_inflator": 0.976793830512952,
  "ann_factor_naive": 15.874507866387544,
  "ann_factor_ac_adj": 16.061970222711118,
  "sharpe_ac_adj": 4.539176315243987,
  "time_in_market_frac": 0.9961941008563273,
  "sharpe_active_only": 4.486879528048368,
  "equity_recompute_matches_csv": true,
  "equity_max_abs_diff": 5.950795411990839e-14,
  "cagr": 0.15873869874185642,
  "mdd": -0.016097849326546565,
  "var_daily": 4.314013125162015e-06,
  "geo_mean_approx": 0.00058481713180202,
  "sharpe_geo_approx": 4.469712874711895,
  "sharpe_geo_exact_logret": 4.475184731670382,
  "ddof_consistent_across_pipeline": true
}