{
  "RETURNS_CONVENTION": "port_ret and bh_ret in equity_cache.csv are LOG RETURNS. Equity is computed as exp(cumsum(r)); CAGR = exp(sum(r)/years) - 1; Sharpe formula (mean/std) is invariant to log-vs-simple at small daily magnitudes.",
  "T_obs": 2084,
  "years": 8.28747433264887,
  "skewness": 0.17835488589053744,
  "excess_kurtosis": 9.902714211608124,
  "pearson_kurtosis": 12.902714211608124,
  "sharpe_daily": 0.16205778181528355,
  "sharpe_annualised": 2.572587532236035,
  "CAGR": 0.16418780352678164,
  "max_drawdown": -0.06236211461528829,
  "final_equity_multiple": 3.52504196820497,
  "sharpe_daily_v2costs": 0.15727337925264548,
  "sharpe_annualised_v2costs": 2.4966374961194724,
  "CAGR_v2costs": 0.1581869030767249,
  "max_drawdown_v2costs": -0.05605725276238349,
  "final_equity_multiple_v2": 3.377255528367645,
  "sharpe_daily_buyhold_50_50": 0.019130117706243135,
  "sharpe_annualised_buyhold_50_50": 0.3036812040126763,
  "CAGR_buyhold_50_50": 0.020595194459857025,
  "mean_daily_return": 0.0006045548666348896,
  "vol_daily": 0.003730489581327063,
  "vol_annualised": 0.05921968620425324
}