{
  "sharpe_daily_hat": 0.16205778181528355,
  "sharpe_annualised_hat": 2.572587532236035,
  "T": 2084,
  "lo_iid": {
    "se_daily": 0.022048752498032703,
    "ci95_daily": [
      0.1188430210151019,
      0.20527254261546518
    ],
    "ci95_annualised": [
      1.8865744719694952,
      3.2586005925025745
    ]
  },
  "mertens_nonnormal": {
    "se_daily": 0.022438288470517816,
    "ci95_daily": [
      0.11807954453834829,
      0.2060360190922188
    ],
    "ci95_annualised": [
      1.8744546586334683,
      3.2707204058386017
    ],
    "skew_used": 0.17835488589053744,
    "pearson_kurtosis_used": 12.902714211608124
  },
  "ledoit_wolf_stationary_bootstrap": {
    "B": 50000,
    "block_length_PW2004": 2.527160407220103,
    "ci95_daily": [
      0.11717028329712381,
      0.20747565488187925
    ],
    "ci95_annualised": [
      1.860020583907049,
      3.2935739155062995
    ],
    "se_bootstrap_daily": 0.022970940560794604
  }
}