{
  "RETURNS_CONVENTION": "LOG returns; equity=exp(cumsum), CAGR=exp(sum/years)-1",
  "B_bootstrap": 50000,
  "block_length": 5.0,
  "T": 2084,
  "skewness": {
    "point": 0.1782264857772176,
    "ci95": [
      -1.0427024080198788,
      1.1396557994067376
    ]
  },
  "excess_kurtosis": {
    "point": 9.876093557924147,
    "ci95": [
      2.725389176866391,
      18.57249072316528
    ]
  },
  "cvar_5pct_daily": {
    "point": -0.007365152039742941,
    "ci95": [
      -0.008295992611625943,
      -0.006572624564419747
    ]
  },
  "cvar_1pct_daily": {
    "point": -0.012072591172129426,
    "ci95": [
      -0.015581258687253774,
      -0.009669590037950242
    ]
  },
  "max_drawdown": {
    "point": -0.06236211461528829,
    "ci95": [
      -0.09406771922225275,
      -0.03561017006603856
    ]
  },
  "sortino_annualised": {
    "point": 3.662975103417136,
    "ci95": [
      2.4093719267865916,
      5.274603078345085
    ]
  },
  "calmar": {
    "point": 2.6328132799802533,
    "ci95": [
      1.4346304593427375,
      5.395409331381577
    ]
  },
  "longest_underwater_days": 177,
  "fraction_time_underwater": 0.8243761996161229
}