{
  "rsi2_reversal": {
    "portfolio": {
      "sharpe": -0.30108258507244173,
      "cagr_pct": -1.1148540402939666,
      "mdd_pct": -16.795186243960647,
      "ann_vol_pct": 3.5180032712961244,
      "calmar": -0.06637937943051124,
      "n_days": 2176
    },
    "per_pair": {
      "AUDJPY": {
        "sharpe": -0.6438989553984619,
        "cagr_pct": -5.6758587908171005,
        "mdd_pct": -42.15303223695743,
        "ann_vol_pct": 8.509568702378544,
        "calmar": -0.13464888501759606,
        "n_days": 2176
      },
      "AUDUSD": {
        "sharpe": -0.2690539933240193,
        "cagr_pct": -2.4149290034076287,
        "mdd_pct": -28.409845295618506,
        "ann_vol_pct": 7.918845940264655,
        "calmar": -0.08500324370932319,
        "n_days": 2175
      },
      "GBPJPY": {
        "sharpe": -0.5105587116213698,
        "cagr_pct": -4.599379662283997,
        "mdd_pct": -47.15505370169819,
        "ann_vol_pct": 8.51031462958748,
        "calmar": -0.09753736452893404,
        "n_days": 2176
      },
      "GBPUSD": {
        "sharpe": -0.35073215878317193,
        "cagr_pct": -3.1841970411821574,
        "mdd_pct": -35.952557213111106,
        "ann_vol_pct": 8.253620074854176,
        "calmar": -0.08856663581140066,
        "n_days": 2175
      },
      "EURGBP": {
        "sharpe": 0.5776751114068552,
        "cagr_pct": 4.41094215806046,
        "mdd_pct": -16.20871174684154,
        "ann_vol_pct": 8.025620815804519,
        "calmar": 0.2721340367423083,
        "n_days": 2176
      },
      "EURUSD": {
        "sharpe": -0.20693949552100355,
        "cagr_pct": -1.9752389551344618,
        "mdd_pct": -36.572424765957635,
        "ann_vol_pct": 8.06818011356426,
        "calmar": -0.05400896899166103,
        "n_days": 2175
      },
      "NZDUSD": {
        "sharpe": -0.32453817763162157,
        "cagr_pct": -2.8227458351342105,
        "mdd_pct": -31.324818673572906,
        "ann_vol_pct": 7.868050849099213,
        "calmar": -0.09011212050576407,
        "n_days": 2175
      },
      "USDCAD": {
        "sharpe": 0.2366093053030142,
        "cagr_pct": 1.5773204284953213,
        "mdd_pct": -22.1608955354085,
        "ann_vol_pct": 7.952454112698463,
        "calmar": 0.07117584332163343,
        "n_days": 2175
      },
      "USDCHF": {
        "sharpe": -0.32674340835678223,
        "cagr_pct": -3.067815638319904,
        "mdd_pct": -33.16279494712092,
        "ann_vol_pct": 8.44447864571108,
        "calmar": -0.09250775283602086,
        "n_days": 2175
      },
      "USDJPY": {
        "sharpe": 0.5535653690934648,
        "cagr_pct": 4.451372145246113,
        "mdd_pct": -13.802901704562165,
        "ann_vol_pct": 8.525830846647475,
        "calmar": 0.32249538832656005,
        "n_days": 2175
      }
    }
  },
  "zscore_5d_mr": {
    "portfolio": {
      "sharpe": -0.0222772730451725,
      "cagr_pct": -0.1939822834267857,
      "mdd_pct": -12.151821627213133,
      "ann_vol_pct": 4.390444573108332,
      "calmar": -0.015963226697829097,
      "n_days": 2176
    },
    "per_pair": {
      "AUDJPY": {
        "sharpe": -0.36721983966954347,
        "cagr_pct": -3.3131623705305313,
        "mdd_pct": -36.307339254260604,
        "ann_vol_pct": 8.246568498021322,
        "calmar": -0.09125324076568726,
        "n_days": 2176
      },
      "AUDUSD": {
        "sharpe": 0.1911719859683842,
        "cagr_pct": 1.1667991346544726,
        "mdd_pct": -14.446480199157897,
        "ann_vol_pct": 7.565430381308409,
        "calmar": 0.080767018579549,
        "n_days": 2175
      },
      "GBPJPY": {
        "sharpe": -0.15933266416956468,
        "cagr_pct": -1.5623992498550288,
        "mdd_pct": -32.83518179759463,
        "ann_vol_pct": 7.914726203405759,
        "calmar": -0.04758308510323167,
        "n_days": 2176
      },
      "GBPUSD": {
        "sharpe": -0.2235333793630529,
        "cagr_pct": -2.0212145903000134,
        "mdd_pct": -19.65472288994209,
        "ann_vol_pct": 7.779531554505044,
        "calmar": -0.10283607668334666,
        "n_days": 2175
      },
      "EURGBP": {
        "sharpe": 0.6871648125485038,
        "cagr_pct": 5.062569512321091,
        "mdd_pct": -13.697555786282257,
        "ann_vol_pct": 7.60810665993409,
        "calmar": 0.3695965609712006,
        "n_days": 2176
      },
      "EURUSD": {
        "sharpe": 0.1306732581738377,
        "cagr_pct": 0.7287701215290099,
        "mdd_pct": -17.929245705146602,
        "ann_vol_pct": 8.007543027655776,
        "calmar": 0.04064700397963847,
        "n_days": 2175
      },
      "NZDUSD": {
        "sharpe": -0.15022883273200668,
        "cagr_pct": -1.4579876552686,
        "mdd_pct": -23.374765721988368,
        "ann_vol_pct": 7.768662085232342,
        "calmar": -0.06237442858719598,
        "n_days": 2175
      },
      "USDCAD": {
        "sharpe": -0.036941266465973926,
        "cagr_pct": -0.5893746732748117,
        "mdd_pct": -19.933784179866077,
        "ann_vol_pct": 7.791730928839681,
        "calmar": -0.029566622571849846,
        "n_days": 2175
      },
      "USDCHF": {
        "sharpe": -0.2110356858572027,
        "cagr_pct": -1.9950537423971904,
        "mdd_pct": -25.761756770344356,
        "ann_vol_pct": 8.022945976939672,
        "calmar": -0.07744245705688038,
        "n_days": 2175
      },
      "USDJPY": {
        "sharpe": 0.05945185534660583,
        "cagr_pct": 0.15563379988599024,
        "mdd_pct": -24.892211743915926,
        "ann_vol_pct": 8.019235938218646,
        "calmar": 0.006252309014847978,
        "n_days": 2175
      }
    }
  },
  "xs_reversal_5d": {
    "portfolio": {
      "sharpe": 0.026248358301323806,
      "cagr_pct": 0.0242443253475777,
      "mdd_pct": -8.614201939118349,
      "ann_vol_pct": 4.0551744434985855,
      "calmar": 0.002814459832602795,
      "n_days": 2176
    },
    "per_pair": {
      "AUDJPY": {
        "sharpe": -0.5316425500618229,
        "cagr_pct": -4.874115121603017,
        "mdd_pct": -38.137431005074916,
        "ann_vol_pct": 8.686849814955297,
        "calmar": -0.12780397087980108,
        "n_days": 2176
      },
      "AUDUSD": {
        "sharpe": 0.1838465184903925,
        "cagr_pct": 1.1577902105449622,
        "mdd_pct": -16.302044081499332,
        "ann_vol_pct": 8.00275615869886,
        "calmar": 0.07102116794414151,
        "n_days": 2175
      },
      "GBPJPY": {
        "sharpe": -0.09696718359539266,
        "cagr_pct": -1.1145052454841653,
        "mdd_pct": -27.666424797888556,
        "ann_vol_pct": 8.14185776647519,
        "calmar": -0.04028367429568355,
        "n_days": 2176
      },
      "GBPUSD": {
        "sharpe": 0.36027577175608544,
        "cagr_pct": 2.6113424830766396,
        "mdd_pct": -16.327445043731103,
        "ann_vol_pct": 8.057508251291832,
        "calmar": 0.15993576925737443,
        "n_days": 2175
      },
      "EURGBP": {
        "sharpe": -0.17785419991220036,
        "cagr_pct": -1.770718150067463,
        "mdd_pct": -26.64376460555049,
        "ann_vol_pct": 8.16795661943429,
        "calmar": -0.06645900743690637,
        "n_days": 2176
      },
      "EURUSD": {
        "sharpe": 0.2578918739152608,
        "cagr_pct": 1.7503182795158612,
        "mdd_pct": -14.200414643243231,
        "ann_vol_pct": 7.953627159535083,
        "calmar": 0.12325825150103548,
        "n_days": 2175
      },
      "NZDUSD": {
        "sharpe": -0.20476940032332344,
        "cagr_pct": -2.0302916720377873,
        "mdd_pct": -21.287565011767295,
        "ann_vol_pct": 8.325507634669703,
        "calmar": -0.09537453771323713,
        "n_days": 2175
      },
      "USDCAD": {
        "sharpe": -0.14528662904964867,
        "cagr_pct": -1.6654503571530643,
        "mdd_pct": -29.324900078212647,
        "ann_vol_pct": 8.857748526709736,
        "calmar": -0.05679304457001149,
        "n_days": 2175
      },
      "USDCHF": {
        "sharpe": 0.13897152627616446,
        "cagr_pct": 0.8461811928429874,