{
  "inputs": {
    "portfolio_csv": "C:\\Users\\sadar\\Downloads\\Execution_FTMO\\Ballsack\\output\\portfolio.csv",
    "T": 2102,
    "sharpe_daily": 0.2826039553245924,
    "sharpe_ann": 4.486198711872476,
    "mean_daily": 0.000586974138364601,
    "std_daily": 0.002077020251505029,
    "skew_empirical": 0.898443008913109,
    "excess_kurt_empirical": 3.347039120086988
  },
  "psr": {
    "vs_sr0_0": 1.0,
    "vs_sr0_1_ann": 1.0,
    "sr0_ann_1_in_daily_units": 0.0629940788348712
  },
  "v_sr": {
    "mertens_daily": 0.0004947347753485025,
    "mertens_ann": 0.12467316338782262,
    "empirical_daily": 0.0022774122819532567,
    "empirical_ann": 0.5739078950522207,
    "hp_draws": {
      "n_trials_attempted": 100,
      "n_trials_kept": 100,
      "sharpe_ann_mean": 2.4672016674203845,
      "sharpe_ann_std": 0.7575670894727548,
      "sharpe_ann_min": 0.6327806344738989,
      "sharpe_ann_max": 4.55878483242133,
      "sr_variance_ann": 0.5739078950522207,
      "sr_variance_daily": 0.0022774122819532567,
      "all_sharpes_ann": [
        2.8585180712673477,
        2.655461945635726,
        3.123926268634738,
        3.3962229191404663,
        1.818268958732627,
        0.6327806344738989,
        1.8565827555044256,
        2.991928594920035,
        4.13621269484542,
        3.0482266835268303,
        1.2938759161997024,
        2.172065485485611,
        3.4198868315190514,
        2.2170336177128407,
        2.1136084954471976,
        3.6923157976345995,
        1.800510889757964,
        3.777098770127221,
        2.5453595030224023,
        2.6811667169203903,
        3.1584465381939535,
        2.0469179629200376,
        2.621804896803326,
        2.365419543784411,
        2.589799682015585,
        1.5805784590767626,
        1.5980190559752823,
        3.715477484510105,
        2.3520155622489605,
        1.7772062889138829,
        1.9085306845548495,
        2.030603218400296,
        2.9623014508913195,
        1.162097681676327,
        3.1014964896982757,
        3.9864856707898144,
        3.5966060810709317,
        2.433758755015241,
        2.2318979775183507,
        2.2686618851322473,
        4.55878483242133,
        1.4564183522205956,
        2.635169751146151,
        3.354971116894719,
        3.698024453335053,
        1.7985586565305276,
        1.7322647525371113,
        2.2503628482152154,
        2.0550188850847517,
        1.9237280701438189,
        2.620282341771657,
        1.665439436840966,
        1.120666238364272,
        2.3798108008576184,
        3.051333900253265,
        2.136642483367783,
        1.7928588045949083,
        1.800501178989528,
        2.205487542727034,
        2.962752566086679,
        3.026316600021729,
        3.1631746365935736,
        2.339916612414255,
        3.6024156114973334,
        1.8621328001229134,
        2.0699787753660988,
        2.966238533287113,
        2.530397052707128,
        3.3890669180695743,
        1.1653552771684696,
        2.4704739739373176,
        1.6628911598325604,
        2.6693776383420973,
        1.960294711896211,
        2.51806043034306,
        2.2806289177649197,
        3.254024941865146,
        2.9972502214020906,
        3.471103526138397,
        2.8414763706880475,
        0.9834847983959575,
        1.5824771899668877,
        2.186885165331687,
        2.7372649531323354,
        1.9772273437262244,
        2.0359276169018496,
        4.107014164629397,
        2.211135247595792,
        2.300283843119899,
        2.313209850018377,
        1.9496515534539116,
        2.0879297243485104,
        2.5673389009614223,
        2.2404092765750914,
        2.6031255853727795,
        1.8306053625529262,
        1.6997789286322422,
        2.461405362432995,
        3.439037997775871,
        2.2471452355748176
      ]
    }
  },
  "dsr_table": [
    {
      "N": 50,
      "sr0_daily_mertens": 0.050630976993995255,
      "sr0_ann_mertens": 0.8037418425740644,
      "dsr_mertens": 1.0,
      "sr0_daily_empirical": 0.10863028471522974,
      "sr0_ann_empirical": 1.7244523092398332,
      "dsr_empirical": 1.0
    },
    {
      "N": 200,
      "sr0_daily_mertens": 0.06151253653197019,
      "sr0_ann_mertens": 0.976481245058212,
      "dsr_mertens": 1.0,
      "sr0_daily_empirical": 0.13197699814910507,
      "sr0_ann_empirical": 2.095069895300183,
      "dsr_empirical": 0.9999999999998681
    },
    {
      "N": 500,
      "sr0_daily_mertens": 0.06789625417028945,
      "sr0_ann_mertens": 1.0778196209245081,
      "dsr_mertens": 1.0,
      "sr0_daily_empirical": 0.14567345643934307,
      "sr0_ann_empirical": 2.3124944301702146,
      "dsr_empirical": 0.9999999999884329
    },
    {
      "N": 1500,
      "sr0_daily_mertens": 0.07492876852293472,
      "sr0_ann_mertens": 1.1894573253360585,
      "dsr_mertens": 1.0,
      "sr0_daily_empirical": 0.1607619276035949,
      "sr0_ann_empirical": 2.552016484358892,
      "dsr_empirical": 0.9999999989184609
    },
    {
      "N": 12000,
      "sr0_daily_mertens": 0.086857820174345,
      "sr0_ann_mertens": 1.3788251496149144,
      "dsr_mertens": 1.0,
      "sr0_daily_empirical": 0.1863560668877147,
      "sr0_ann_empirical": 2.95831084975807,
      "dsr_empirical": 0.9999991097654845
    }
  ],
  "production_N": 50,
  "production_dsr_mertens": 1.0,
  "production_dsr_empirical": 1.0,
  "threshold": 0.95
}